,0
0,/api/CaseSets/NamUs/MissingPersons/Cases/1/Images/4631/Thumbnail
1,/api/CaseSets/NamUs/MissingPersons/Cases/2/Images/2430/Thumbnail
2,/api/CaseSets/NamUs/MissingPersons/Cases/4/Images/56852/Thumbnail
3,/api/CaseSets/NamUs/MissingPersons/Cases/8/Images/12793/Thumbnail
4,/api/CaseSets/NamUs/MissingPersons/Cases/9/Images/12794/Thumbnail
5,/api/CaseSets/NamUs/MissingPersons/Cases/10/Images/44583/Thumbnail
6,/api/CaseSets/NamUs/MissingPersons/Cases/11/Images/12795/Thumbnail
7,/api/CaseSets/NamUs/MissingPersons/Cases/13/Images/67204/Thumbnail
8,/api/CaseSets/NamUs/MissingPersons/Cases/14/Images/12798/Thumbnail
9,/api/CaseSets/NamUs/MissingPersons/Cases/15/Images/12799/Thumbnail
10,/api/CaseSets/NamUs/MissingPersons/Cases/16/Images/12800/Thumbnail
11,/api/CaseSets/NamUs/MissingPersons/Cases/17/Images/12802/Thumbnail
12,/api/CaseSets/NamUs/MissingPersons/Cases/18/Images/12804/Thumbnail
13,/api/CaseSets/NamUs/MissingPersons/Cases/19/Images/12808/Thumbnail
14,/api/CaseSets/NamUs/MissingPersons/Cases/20/Images/56868/Thumbnail
15,/api/CaseSets/NamUs/MissingPersons/Cases/21/Images/7748/Thumbnail
16,/api/CaseSets/NamUs/MissingPersons/Cases/22/Images/12810/Thumbnail
17,/api/CaseSets/NamUs/MissingPersons/Cases/23/Images/12812/Thumbnail
18,/api/CaseSets/NamUs/MissingPersons/Cases/25/Images/12818/Thumbnail
19,/api/CaseSets/NamUs/MissingPersons/Cases/26/Images/12820/Thumbnail
20,/api/CaseSets/NamUs/MissingPersons/Cases/27/Images/12823/Thumbnail
21,/api/CaseSets/NamUs/MissingPersons/Cases/29/Images/12827/Thumbnail
22,/api/CaseSets/NamUs/MissingPersons/Cases/37/Images/12829/Thumbnail
23,/api/CaseSets/NamUs/MissingPersons/Cases/38/Images/44591/Thumbnail
24,/api/CaseSets/NamUs/MissingPersons/Cases/39/Images/12831/Thumbnail
25,/api/CaseSets/NamUs/MissingPersons/Cases/42/Images/12837/Thumbnail
26,/api/CaseSets/NamUs/MissingPersons/Cases/43/Images/44600/Thumbnail
27,/api/CaseSets/NamUs/MissingPersons/Cases/44/Images/56872/Thumbnail
28,/api/CaseSets/NamUs/MissingPersons/Cases/45/Images/12844/Thumbnail
29,/api/CaseSets/NamUs/MissingPersons/Cases/47/Images/12847/Thumbnail
30,/api/CaseSets/NamUs/MissingPersons/Cases/48/Images/6292/Thumbnail
31,/api/CaseSets/NamUs/MissingPersons/Cases/49/Images/56876/Thumbnail
32,/api/CaseSets/NamUs/MissingPersons/Cases/51/Images/44602/Thumbnail
33,/api/CaseSets/NamUs/MissingPersons/Cases/52/Images/12851/Thumbnail
34,/api/CaseSets/NamUs/MissingPersons/Cases/53/Images/2883/Thumbnail
35,/api/CaseSets/NamUs/MissingPersons/Cases/54/Images/44604/Thumbnail
36,/api/CaseSets/NamUs/MissingPersons/Cases/55/Images/44610/Thumbnail
37,/api/CaseSets/NamUs/MissingPersons/Cases/56/Images/56886/Thumbnail
38,/api/CaseSets/NamUs/MissingPersons/Cases/57/Images/44613/Thumbnail
39,/api/CaseSets/NamUs/MissingPersons/Cases/59/Images/12864/Thumbnail
40,/api/CaseSets/NamUs/MissingPersons/Cases/60/Images/12876/Thumbnail
41,/api/CaseSets/NamUs/MissingPersons/Cases/63/Images/12878/Thumbnail
42,/api/CaseSets/NamUs/MissingPersons/Cases/64/Images/44618/Thumbnail
43,/api/CaseSets/NamUs/MissingPersons/Cases/65/Images/12880/Thumbnail
44,/api/CaseSets/NamUs/MissingPersons/Cases/66/Images/12887/Thumbnail
45,/api/CaseSets/NamUs/MissingPersons/Cases/67/Images/44627/Thumbnail
46,/api/CaseSets/NamUs/MissingPersons/Cases/68/Images/67957/Thumbnail
47,/api/CaseSets/NamUs/MissingPersons/Cases/69/Images/12889/Thumbnail
48,/api/CaseSets/NamUs/MissingPersons/Cases/73/Images/2890/Thumbnail
49,/api/CaseSets/NamUs/MissingPersons/Cases/74/Images/44635/Thumbnail
50,/api/CaseSets/NamUs/MissingPersons/Cases/78/Images/12897/Thumbnail
51,/api/CaseSets/NamUs/MissingPersons/Cases/79/Images/12899/Thumbnail
52,/api/CaseSets/NamUs/MissingPersons/Cases/80/Images/44645/Thumbnail
53,/api/CaseSets/NamUs/MissingPersons/Cases/81/Images/12902/Thumbnail
54,/api/CaseSets/NamUs/MissingPersons/Cases/82/Images/44649/Thumbnail
55,/api/CaseSets/NamUs/MissingPersons/Cases/83/Images/12906/Thumbnail
56,/api/CaseSets/NamUs/MissingPersons/Cases/84/Images/44651/Thumbnail
57,/api/CaseSets/NamUs/MissingPersons/Cases/85/Images/128026/Thumbnail
58,/api/CaseSets/NamUs/MissingPersons/Cases/86/Images/67958/Thumbnail
59,/api/CaseSets/NamUs/MissingPersons/Cases/87/Images/12908/Thumbnail
60,/api/CaseSets/NamUs/MissingPersons/Cases/88/Images/44652/Thumbnail
61,/api/CaseSets/NamUs/MissingPersons/Cases/90/Images/12909/Thumbnail
62,/api/CaseSets/NamUs/MissingPersons/Cases/93/Images/44664/Thumbnail
63,/api/CaseSets/NamUs/MissingPersons/Cases/94/Images/44665/Thumbnail
64,/api/CaseSets/NamUs/MissingPersons/Cases/98/Images/44689/Thumbnail
65,/api/CaseSets/NamUs/MissingPersons/Cases/99/Images/44693/Thumbnail
66,/api/CaseSets/NamUs/MissingPersons/Cases/100/Images/44694/Thumbnail
67,/api/CaseSets/NamUs/MissingPersons/Cases/101/Images/12910/Thumbnail
68,/api/CaseSets/NamUs/MissingPersons/Cases/103/Images/44697/Thumbnail
69,/api/CaseSets/NamUs/MissingPersons/Cases/105/Images/44698/Thumbnail
70,/api/CaseSets/NamUs/MissingPersons/Cases/106/Images/12918/Thumbnail
71,/api/CaseSets/NamUs/MissingPersons/Cases/107/Images/44701/Thumbnail
72,/api/CaseSets/NamUs/MissingPersons/Cases/108/Images/44702/Thumbnail
73,/api/CaseSets/NamUs/MissingPersons/Cases/109/Images/44703/Thumbnail
74,/api/CaseSets/NamUs/MissingPersons/Cases/110/Images/12923/Thumbnail
75,/api/CaseSets/NamUs/MissingPersons/Cases/111/Images/44704/Thumbnail
76,/api/CaseSets/NamUs/MissingPersons/Cases/114/Images/12924/Thumbnail
77,/api/CaseSets/NamUs/MissingPersons/Cases/115/Images/12939/Thumbnail
78,/api/CaseSets/NamUs/MissingPersons/Cases/117/Images/12940/Thumbnail
79,/api/CaseSets/NamUs/MissingPersons/Cases/118/Images/12942/Thumbnail
80,/api/CaseSets/NamUs/MissingPersons/Cases/119/Images/12945/Thumbnail
81,/api/CaseSets/NamUs/MissingPersons/Cases/123/Images/12949/Thumbnail
82,/api/CaseSets/NamUs/MissingPersons/Cases/124/Images/12950/Thumbnail
83,/api/CaseSets/NamUs/MissingPersons/Cases/125/Images/7388/Thumbnail
84,/api/CaseSets/NamUs/MissingPersons/Cases/126/Images/12951/Thumbnail
85,/api/CaseSets/NamUs/MissingPersons/Cases/127/Images/44714/Thumbnail
86,/api/CaseSets/NamUs/MissingPersons/Cases/128/Images/12955/Thumbnail
87,/api/CaseSets/NamUs/MissingPersons/Cases/132/Images/12957/Thumbnail
88,/api/CaseSets/NamUs/MissingPersons/Cases/133/Images/12961/Thumbnail
89,/api/CaseSets/NamUs/MissingPersons/Cases/134/Images/7750/Thumbnail
90,/api/CaseSets/NamUs/MissingPersons/Cases/136/Images/67965/Thumbnail
91,/api/CaseSets/NamUs/MissingPersons/Cases/137/Images/7751/Thumbnail
92,/api/CaseSets/NamUs/MissingPersons/Cases/141/Images/44718/Thumbnail
93,/api/CaseSets/NamUs/MissingPersons/Cases/142/Images/44719/Thumbnail
94,/api/CaseSets/NamUs/MissingPersons/Cases/143/Images/44721/Thumbnail
95,/api/CaseSets/NamUs/MissingPersons/Cases/144/Images/44722/Thumbnail
96,/api/CaseSets/NamUs/MissingPersons/Cases/145/Images/7760/Thumbnail
97,/api/CaseSets/NamUs/MissingPersons/Cases/147/Images/44727/Thumbnail
98,/api/CaseSets/NamUs/MissingPersons/Cases/148/Images/12962/Thumbnail
99,/api/CaseSets/NamUs/MissingPersons/Cases/150/Images/12964/Thumbnail
100,/api/CaseSets/NamUs/MissingPersons/Cases/151/Images/44729/Thumbnail
101,/api/CaseSets/NamUs/MissingPersons/Cases/153/Images/44731/Thumbnail
102,/api/CaseSets/NamUs/MissingPersons/Cases/155/Images/44733/Thumbnail
103,/api/CaseSets/NamUs/MissingPersons/Cases/156/Images/12969/Thumbnail
104,/api/CaseSets/NamUs/MissingPersons/Cases/157/Images/44734/Thumbnail
105,/api/CaseSets/NamUs/MissingPersons/Cases/158/Images/12970/Thumbnail
106,/api/CaseSets/NamUs/MissingPersons/Cases/160/Images/44737/Thumbnail
107,/api/CaseSets/NamUs/MissingPersons/Cases/161/Images/12972/Thumbnail
108,/api/CaseSets/NamUs/MissingPersons/Cases/162/Images/44738/Thumbnail
109,/api/CaseSets/NamUs/MissingPersons/Cases/163/Images/12976/Thumbnail
110,/api/CaseSets/NamUs/MissingPersons/Cases/165/Images/12981/Thumbnail
111,/api/CaseSets/NamUs/MissingPersons/Cases/168/Images/44739/Thumbnail
112,/api/CaseSets/NamUs/MissingPersons/Cases/170/Images/13030/Thumbnail
113,/api/CaseSets/NamUs/MissingPersons/Cases/172/Images/13034/Thumbnail
114,/api/CaseSets/NamUs/MissingPersons/Cases/173/Images/44740/Thumbnail
115,/api/CaseSets/NamUs/MissingPersons/Cases/176/Images/44741/Thumbnail
116,/api/CaseSets/NamUs/MissingPersons/Cases/177/Images/13041/Thumbnail
117,/api/CaseSets/NamUs/MissingPersons/Cases/178/Images/44743/Thumbnail
118,/api/CaseSets/NamUs/MissingPersons/Cases/179/Images/13053/Thumbnail
119,/api/CaseSets/NamUs/MissingPersons/Cases/180/Images/44744/Thumbnail
120,/api/CaseSets/NamUs/MissingPersons/Cases/182/Images/44746/Thumbnail
121,/api/CaseSets/NamUs/MissingPersons/Cases/183/Images/44747/Thumbnail
122,/api/CaseSets/NamUs/MissingPersons/Cases/184/Images/13057/Thumbnail
123,/api/CaseSets/NamUs/MissingPersons/Cases/185/Images/5831/Thumbnail
124,/api/CaseSets/NamUs/MissingPersons/Cases/187/Images/44748/Thumbnail
125,/api/CaseSets/NamUs/MissingPersons/Cases/189/Images/7762/Thumbnail
126,/api/CaseSets/NamUs/MissingPersons/Cases/191/Images/13069/Thumbnail
127,/api/CaseSets/NamUs/MissingPersons/Cases/192/Images/13072/Thumbnail
128,/api/CaseSets/NamUs/MissingPersons/Cases/193/Images/44750/Thumbnail
129,/api/CaseSets/NamUs/MissingPersons/Cases/198/Images/13083/Thumbnail
130,/api/CaseSets/NamUs/MissingPersons/Cases/199/Images/44752/Thumbnail
131,/api/CaseSets/NamUs/MissingPersons/Cases/200/Images/13084/Thumbnail
132,/api/CaseSets/NamUs/MissingPersons/Cases/202/Images/13091/Thumbnail
133,/api/CaseSets/NamUs/MissingPersons/Cases/203/Images/13096/Thumbnail
134,/api/CaseSets/NamUs/MissingPersons/Cases/204/Images/13101/Thumbnail
135,/api/CaseSets/NamUs/MissingPersons/Cases/205/Images/44753/Thumbnail
136,/api/CaseSets/NamUs/MissingPersons/Cases/206/Images/13105/Thumbnail
137,/api/CaseSets/NamUs/MissingPersons/Cases/211/Images/44757/Thumbnail
138,/api/CaseSets/NamUs/MissingPersons/Cases/212/Images/4635/Thumbnail
139,/api/CaseSets/NamUs/MissingPersons/Cases/213/Images/13112/Thumbnail
140,/api/CaseSets/NamUs/MissingPersons/Cases/215/Images/13115/Thumbnail
141,/api/CaseSets/NamUs/MissingPersons/Cases/216/Images/13116/Thumbnail
142,/api/CaseSets/NamUs/MissingPersons/Cases/217/Images/13118/Thumbnail
143,/api/CaseSets/NamUs/MissingPersons/Cases/218/Images/7766/Thumbnail
144,/api/CaseSets/NamUs/MissingPersons/Cases/219/Images/13120/Thumbnail
145,/api/CaseSets/NamUs/MissingPersons/Cases/223/Images/56891/Thumbnail
146,/api/CaseSets/NamUs/MissingPersons/Cases/224/Images/13122/Thumbnail
147,/api/CaseSets/NamUs/MissingPersons/Cases/225/Images/13133/Thumbnail
148,/api/CaseSets/NamUs/MissingPersons/Cases/227/Images/13139/Thumbnail
149,/api/CaseSets/NamUs/MissingPersons/Cases/228/Images/44759/Thumbnail
150,/api/CaseSets/NamUs/MissingPersons/Cases/229/Images/44776/Thumbnail
151,/api/CaseSets/NamUs/MissingPersons/Cases/230/Images/44781/Thumbnail
152,/api/CaseSets/NamUs/MissingPersons/Cases/231/Images/13151/Thumbnail
153,/api/CaseSets/NamUs/MissingPersons/Cases/232/Images/13154/Thumbnail
154,/api/CaseSets/NamUs/MissingPersons/Cases/233/Images/13155/Thumbnail
155,/api/CaseSets/NamUs/MissingPersons/Cases/235/Images/13157/Thumbnail
156,/api/CaseSets/NamUs/MissingPersons/Cases/236/Images/13158/Thumbnail
157,/api/CaseSets/NamUs/MissingPersons/Cases/237/Images/13166/Thumbnail
158,/api/CaseSets/NamUs/MissingPersons/Cases/238/Images/44785/Thumbnail
159,/api/CaseSets/NamUs/MissingPersons/Cases/240/Images/44791/Thumbnail
160,/api/CaseSets/NamUs/MissingPersons/Cases/241/Images/13167/Thumbnail
161,/api/CaseSets/NamUs/MissingPersons/Cases/242/Images/44807/Thumbnail
162,/api/CaseSets/NamUs/MissingPersons/Cases/243/Images/44810/Thumbnail
163,/api/CaseSets/NamUs/MissingPersons/Cases/244/Images/44814/Thumbnail
164,/api/CaseSets/NamUs/MissingPersons/Cases/245/Images/13171/Thumbnail
165,/api/CaseSets/NamUs/MissingPersons/Cases/246/Images/13176/Thumbnail
166,/api/CaseSets/NamUs/MissingPersons/Cases/247/Images/44815/Thumbnail
167,/api/CaseSets/NamUs/MissingPersons/Cases/248/Images/13178/Thumbnail
168,/api/CaseSets/NamUs/MissingPersons/Cases/249/Images/44826/Thumbnail
169,/api/CaseSets/NamUs/MissingPersons/Cases/251/Images/13195/Thumbnail
170,/api/CaseSets/NamUs/MissingPersons/Cases/252/Images/7769/Thumbnail
171,/api/CaseSets/NamUs/MissingPersons/Cases/253/Images/13196/Thumbnail
172,/api/CaseSets/NamUs/MissingPersons/Cases/254/Images/13197/Thumbnail
173,/api/CaseSets/NamUs/MissingPersons/Cases/255/Images/67974/Thumbnail
174,/api/CaseSets/NamUs/MissingPersons/Cases/257/Images/67978/Thumbnail
175,/api/CaseSets/NamUs/MissingPersons/Cases/259/Images/13199/Thumbnail
176,/api/CaseSets/NamUs/MissingPersons/Cases/261/Images/13201/Thumbnail
177,/api/CaseSets/NamUs/MissingPersons/Cases/262/Images/13202/Thumbnail
178,/api/CaseSets/NamUs/MissingPersons/Cases/263/Images/44832/Thumbnail
179,/api/CaseSets/NamUs/MissingPersons/Cases/264/Images/13214/Thumbnail
180,/api/CaseSets/NamUs/MissingPersons/Cases/265/Images/67980/Thumbnail
181,/api/CaseSets/NamUs/MissingPersons/Cases/266/Images/13215/Thumbnail
182,/api/CaseSets/NamUs/MissingPersons/Cases/267/Images/13216/Thumbnail
183,/api/CaseSets/NamUs/MissingPersons/Cases/269/Images/2894/Thumbnail
184,/api/CaseSets/NamUs/MissingPersons/Cases/271/Images/13219/Thumbnail
185,/api/CaseSets/NamUs/MissingPersons/Cases/272/Images/13221/Thumbnail
186,/api/CaseSets/NamUs/MissingPersons/Cases/274/Images/13224/Thumbnail
187,/api/CaseSets/NamUs/MissingPersons/Cases/276/Images/13232/Thumbnail
188,/api/CaseSets/NamUs/MissingPersons/Cases/277/Images/13233/Thumbnail
189,/api/CaseSets/NamUs/MissingPersons/Cases/278/Images/13234/Thumbnail
190,/api/CaseSets/NamUs/MissingPersons/Cases/279/Images/13235/Thumbnail
191,/api/CaseSets/NamUs/MissingPersons/Cases/280/Images/13236/Thumbnail
192,/api/CaseSets/NamUs/MissingPersons/Cases/281/Images/13242/Thumbnail
193,/api/CaseSets/NamUs/MissingPersons/Cases/282/Images/13247/Thumbnail
194,/api/CaseSets/NamUs/MissingPersons/Cases/283/Images/13249/Thumbnail
195,/api/CaseSets/NamUs/MissingPersons/Cases/284/Images/13250/Thumbnail
196,/api/CaseSets/NamUs/MissingPersons/Cases/285/Images/13252/Thumbnail
197,/api/CaseSets/NamUs/MissingPersons/Cases/286/Images/13253/Thumbnail
198,/api/CaseSets/NamUs/MissingPersons/Cases/287/Images/13254/Thumbnail
199,/api/CaseSets/NamUs/MissingPersons/Cases/288/Images/13255/Thumbnail
200,/api/CaseSets/NamUs/MissingPersons/Cases/289/Images/13256/Thumbnail
201,/api/CaseSets/NamUs/MissingPersons/Cases/291/Images/13258/Thumbnail
202,/api/CaseSets/NamUs/MissingPersons/Cases/292/Images/13266/Thumbnail
203,/api/CaseSets/NamUs/MissingPersons/Cases/293/Images/13272/Thumbnail
204,/api/CaseSets/NamUs/MissingPersons/Cases/295/Images/44835/Thumbnail
205,/api/CaseSets/NamUs/MissingPersons/Cases/296/Images/44838/Thumbnail
206,/api/CaseSets/NamUs/MissingPersons/Cases/298/Images/13273/Thumbnail
207,/api/CaseSets/NamUs/MissingPersons/Cases/299/Images/44843/Thumbnail
208,/api/CaseSets/NamUs/MissingPersons/Cases/300/Images/67213/Thumbnail
209,/api/CaseSets/NamUs/MissingPersons/Cases/303/Images/5835/Thumbnail
210,/api/CaseSets/NamUs/MissingPersons/Cases/304/Images/44846/Thumbnail
211,/api/CaseSets/NamUs/MissingPersons/Cases/307/Images/44848/Thumbnail
212,/api/CaseSets/NamUs/MissingPersons/Cases/308/Images/44849/Thumbnail
213,/api/CaseSets/NamUs/MissingPersons/Cases/309/Images/44852/Thumbnail
214,/api/CaseSets/NamUs/MissingPersons/Cases/310/Images/13287/Thumbnail
215,/api/CaseSets/NamUs/MissingPersons/Cases/312/Images/44855/Thumbnail
216,/api/CaseSets/NamUs/MissingPersons/Cases/313/Images/13289/Thumbnail
217,/api/CaseSets/NamUs/MissingPersons/Cases/315/Images/13291/Thumbnail
218,/api/CaseSets/NamUs/MissingPersons/Cases/319/Images/13295/Thumbnail
219,/api/CaseSets/NamUs/MissingPersons/Cases/320/Images/56895/Thumbnail
220,/api/CaseSets/NamUs/MissingPersons/Cases/322/Images/44863/Thumbnail
221,/api/CaseSets/NamUs/MissingPersons/Cases/323/Images/44865/Thumbnail
222,/api/CaseSets/NamUs/MissingPersons/Cases/325/Images/44867/Thumbnail
223,/api/CaseSets/NamUs/MissingPersons/Cases/326/Images/44868/Thumbnail
224,/api/CaseSets/NamUs/MissingPersons/Cases/327/Images/44870/Thumbnail
225,/api/CaseSets/NamUs/MissingPersons/Cases/328/Images/44871/Thumbnail
226,/api/CaseSets/NamUs/MissingPersons/Cases/329/Images/44873/Thumbnail
227,/api/CaseSets/NamUs/MissingPersons/Cases/330/Images/44874/Thumbnail
228,/api/CaseSets/NamUs/MissingPersons/Cases/331/Images/67219/Thumbnail
229,/api/CaseSets/NamUs/MissingPersons/Cases/332/Images/44875/Thumbnail
230,/api/CaseSets/NamUs/MissingPersons/Cases/334/Images/44885/Thumbnail
231,/api/CaseSets/NamUs/MissingPersons/Cases/335/Images/56897/Thumbnail
232,/api/CaseSets/NamUs/MissingPersons/Cases/337/Images/44887/Thumbnail
233,/api/CaseSets/NamUs/MissingPersons/Cases/338/Images/13296/Thumbnail
234,/api/CaseSets/NamUs/MissingPersons/Cases/342/Images/13305/Thumbnail
235,/api/CaseSets/NamUs/MissingPersons/Cases/344/Images/13307/Thumbnail
236,/api/CaseSets/NamUs/MissingPersons/Cases/345/Images/13308/Thumbnail
237,/api/CaseSets/NamUs/MissingPersons/Cases/346/Images/13317/Thumbnail
238,/api/CaseSets/NamUs/MissingPersons/Cases/347/Images/13323/Thumbnail
239,/api/CaseSets/NamUs/MissingPersons/Cases/348/Images/13336/Thumbnail
240,/api/CaseSets/NamUs/MissingPersons/Cases/349/Images/13340/Thumbnail
241,/api/CaseSets/NamUs/MissingPersons/Cases/350/Images/13341/Thumbnail
242,/api/CaseSets/NamUs/MissingPersons/Cases/352/Images/44892/Thumbnail
243,/api/CaseSets/NamUs/MissingPersons/Cases/354/Images/44894/Thumbnail
244,/api/CaseSets/NamUs/MissingPersons/Cases/355/Images/13351/Thumbnail
245,/api/CaseSets/NamUs/MissingPersons/Cases/356/Images/13352/Thumbnail
246,/api/CaseSets/NamUs/MissingPersons/Cases/357/Images/13353/Thumbnail
247,/api/CaseSets/NamUs/MissingPersons/Cases/358/Images/13369/Thumbnail
248,/api/CaseSets/NamUs/MissingPersons/Cases/360/Images/13371/Thumbnail
249,/api/CaseSets/NamUs/MissingPersons/Cases/361/Images/13374/Thumbnail
250,/api/CaseSets/NamUs/MissingPersons/Cases/362/Images/13390/Thumbnail
251,/api/CaseSets/NamUs/MissingPersons/Cases/363/Images/44895/Thumbnail
252,/api/CaseSets/NamUs/MissingPersons/Cases/365/Images/44900/Thumbnail
253,/api/CaseSets/NamUs/MissingPersons/Cases/366/Images/13391/Thumbnail
254,/api/CaseSets/NamUs/MissingPersons/Cases/368/Images/13397/Thumbnail
255,/api/CaseSets/NamUs/MissingPersons/Cases/371/Images/44912/Thumbnail
256,/api/CaseSets/NamUs/MissingPersons/Cases/373/Images/67983/Thumbnail
257,/api/CaseSets/NamUs/MissingPersons/Cases/376/Images/44914/Thumbnail
258,/api/CaseSets/NamUs/MissingPersons/Cases/377/Images/13400/Thumbnail
259,/api/CaseSets/NamUs/MissingPersons/Cases/378/Images/44916/Thumbnail
260,/api/CaseSets/NamUs/MissingPersons/Cases/379/Images/13403/Thumbnail
261,/api/CaseSets/NamUs/MissingPersons/Cases/380/Images/44918/Thumbnail
262,/api/CaseSets/NamUs/MissingPersons/Cases/381/Images/13404/Thumbnail
263,/api/CaseSets/NamUs/MissingPersons/Cases/382/Images/44920/Thumbnail
264,/api/CaseSets/NamUs/MissingPersons/Cases/386/Images/67996/Thumbnail
265,/api/CaseSets/NamUs/MissingPersons/Cases/388/Images/13405/Thumbnail
266,/api/CaseSets/NamUs/MissingPersons/Cases/390/Images/98079/Thumbnail
267,/api/CaseSets/NamUs/MissingPersons/Cases/391/Images/68004/Thumbnail
268,/api/CaseSets/NamUs/MissingPersons/Cases/392/Images/44926/Thumbnail
269,/api/CaseSets/NamUs/MissingPersons/Cases/393/Images/13406/Thumbnail
270,/api/CaseSets/NamUs/MissingPersons/Cases/395/Images/13412/Thumbnail
271,/api/CaseSets/NamUs/MissingPersons/Cases/396/Images/44930/Thumbnail
272,/api/CaseSets/NamUs/MissingPersons/Cases/397/Images/44931/Thumbnail
273,/api/CaseSets/NamUs/MissingPersons/Cases/398/Images/44933/Thumbnail
274,/api/CaseSets/NamUs/MissingPersons/Cases/399/Images/44935/Thumbnail
275,/api/CaseSets/NamUs/MissingPersons/Cases/400/Images/13413/Thumbnail
276,/api/CaseSets/NamUs/MissingPersons/Cases/401/Images/13414/Thumbnail
277,/api/CaseSets/NamUs/MissingPersons/Cases/402/Images/44937/Thumbnail
278,/api/CaseSets/NamUs/MissingPersons/Cases/404/Images/13415/Thumbnail
279,/api/CaseSets/NamUs/MissingPersons/Cases/405/Images/44948/Thumbnail
280,/api/CaseSets/NamUs/MissingPersons/Cases/407/Images/44949/Thumbnail
281,/api/CaseSets/NamUs/MissingPersons/Cases/408/Images/44950/Thumbnail
282,/api/CaseSets/NamUs/MissingPersons/Cases/409/Images/44951/Thumbnail
283,/api/CaseSets/NamUs/MissingPersons/Cases/410/Images/44955/Thumbnail
284,/api/CaseSets/NamUs/MissingPersons/Cases/411/Images/44956/Thumbnail
285,/api/CaseSets/NamUs/MissingPersons/Cases/413/Images/44958/Thumbnail
286,/api/CaseSets/NamUs/MissingPersons/Cases/414/Images/44960/Thumbnail
287,/api/CaseSets/NamUs/MissingPersons/Cases/415/Images/44961/Thumbnail
288,/api/CaseSets/NamUs/MissingPersons/Cases/416/Images/44962/Thumbnail
289,/api/CaseSets/NamUs/MissingPersons/Cases/418/Images/13424/Thumbnail
290,/api/CaseSets/NamUs/MissingPersons/Cases/419/Images/44965/Thumbnail
291,/api/CaseSets/NamUs/MissingPersons/Cases/420/Images/44967/Thumbnail
292,/api/CaseSets/NamUs/MissingPersons/Cases/422/Images/44968/Thumbnail
293,/api/CaseSets/NamUs/MissingPersons/Cases/423/Images/13434/Thumbnail
294,/api/CaseSets/NamUs/MissingPersons/Cases/424/Images/44969/Thumbnail
295,/api/CaseSets/NamUs/MissingPersons/Cases/426/Images/56909/Thumbnail
296,/api/CaseSets/NamUs/MissingPersons/Cases/427/Images/13435/Thumbnail
297,/api/CaseSets/NamUs/MissingPersons/Cases/428/Images/44971/Thumbnail
298,/api/CaseSets/NamUs/MissingPersons/Cases/430/Images/13438/Thumbnail
299,/api/CaseSets/NamUs/MissingPersons/Cases/431/Images/13440/Thumbnail
300,/api/CaseSets/NamUs/MissingPersons/Cases/433/Images/13456/Thumbnail
301,/api/CaseSets/NamUs/MissingPersons/Cases/434/Images/44972/Thumbnail
302,/api/CaseSets/NamUs/MissingPersons/Cases/435/Images/44973/Thumbnail
303,/api/CaseSets/NamUs/MissingPersons/Cases/436/Images/13468/Thumbnail
304,/api/CaseSets/NamUs/MissingPersons/Cases/437/Images/13473/Thumbnail
305,/api/CaseSets/NamUs/MissingPersons/Cases/438/Images/44976/Thumbnail
306,/api/CaseSets/NamUs/MissingPersons/Cases/439/Images/13474/Thumbnail
307,/api/CaseSets/NamUs/MissingPersons/Cases/440/Images/44978/Thumbnail
308,/api/CaseSets/NamUs/MissingPersons/Cases/441/Images/44979/Thumbnail
309,/api/CaseSets/NamUs/MissingPersons/Cases/443/Images/13479/Thumbnail
310,/api/CaseSets/NamUs/MissingPersons/Cases/444/Images/44980/Thumbnail
311,/api/CaseSets/NamUs/MissingPersons/Cases/445/Images/44981/Thumbnail
312,/api/CaseSets/NamUs/MissingPersons/Cases/447/Images/13486/Thumbnail
313,/api/CaseSets/NamUs/MissingPersons/Cases/448/Images/44983/Thumbnail
314,/api/CaseSets/NamUs/MissingPersons/Cases/449/Images/13487/Thumbnail
315,/api/CaseSets/NamUs/MissingPersons/Cases/450/Images/98667/Thumbnail
316,/api/CaseSets/NamUs/MissingPersons/Cases/453/Images/13498/Thumbnail
317,/api/CaseSets/NamUs/MissingPersons/Cases/454/Images/2902/Thumbnail
318,/api/CaseSets/NamUs/MissingPersons/Cases/455/Images/44988/Thumbnail
319,/api/CaseSets/NamUs/MissingPersons/Cases/456/Images/44989/Thumbnail
320,/api/CaseSets/NamUs/MissingPersons/Cases/457/Images/44990/Thumbnail
321,/api/CaseSets/NamUs/MissingPersons/Cases/458/Images/13505/Thumbnail
322,/api/CaseSets/NamUs/MissingPersons/Cases/461/Images/13509/Thumbnail
323,/api/CaseSets/NamUs/MissingPersons/Cases/462/Images/13514/Thumbnail
324,/api/CaseSets/NamUs/MissingPersons/Cases/463/Images/44992/Thumbnail
325,/api/CaseSets/NamUs/MissingPersons/Cases/465/Images/44994/Thumbnail
326,/api/CaseSets/NamUs/MissingPersons/Cases/466/Images/13516/Thumbnail
327,/api/CaseSets/NamUs/MissingPersons/Cases/467/Images/13517/Thumbnail
328,/api/CaseSets/NamUs/MissingPersons/Cases/469/Images/13520/Thumbnail
329,/api/CaseSets/NamUs/MissingPersons/Cases/470/Images/13523/Thumbnail
330,/api/CaseSets/NamUs/MissingPersons/Cases/471/Images/44996/Thumbnail
331,/api/CaseSets/NamUs/MissingPersons/Cases/474/Images/13526/Thumbnail
332,/api/CaseSets/NamUs/MissingPersons/Cases/476/Images/13529/Thumbnail
333,/api/CaseSets/NamUs/MissingPersons/Cases/478/Images/44998/Thumbnail
334,/api/CaseSets/NamUs/MissingPersons/Cases/479/Images/13530/Thumbnail
335,/api/CaseSets/NamUs/MissingPersons/Cases/480/Images/44999/Thumbnail
336,/api/CaseSets/NamUs/MissingPersons/Cases/481/Images/13531/Thumbnail
337,/api/CaseSets/NamUs/MissingPersons/Cases/482/Images/45000/Thumbnail
338,/api/CaseSets/NamUs/MissingPersons/Cases/483/Images/45001/Thumbnail
339,/api/CaseSets/NamUs/MissingPersons/Cases/484/Images/7770/Thumbnail
340,/api/CaseSets/NamUs/MissingPersons/Cases/485/Images/45002/Thumbnail
341,/api/CaseSets/NamUs/MissingPersons/Cases/486/Images/13532/Thumbnail
342,/api/CaseSets/NamUs/MissingPersons/Cases/488/Images/45003/Thumbnail
343,/api/CaseSets/NamUs/MissingPersons/Cases/489/Images/13549/Thumbnail
344,/api/CaseSets/NamUs/MissingPersons/Cases/490/Images/13561/Thumbnail
345,/api/CaseSets/NamUs/MissingPersons/Cases/491/Images/13571/Thumbnail
346,/api/CaseSets/NamUs/MissingPersons/Cases/492/Images/13578/Thumbnail
347,/api/CaseSets/NamUs/MissingPersons/Cases/493/Images/13583/Thumbnail
348,/api/CaseSets/NamUs/MissingPersons/Cases/496/Images/7775/Thumbnail
349,/api/CaseSets/NamUs/MissingPersons/Cases/497/Images/7776/Thumbnail
350,/api/CaseSets/NamUs/MissingPersons/Cases/498/Images/13586/Thumbnail
351,/api/CaseSets/NamUs/MissingPersons/Cases/499/Images/45007/Thumbnail
